Metric,Value
mAP50,0.019036790786117416
mAP50-95,0.01260323219770243
mAP75,0.012743067392176451
Precision,0.030744145701861264
Recall,0.13208488926683182
